{
    "pad": {
        "acces": "code",
        "digidrive": "0",
        "ordre": "croissant",
        "token": "b2626e57dd5fa",
        "conversation": "desactivee",
        "commentaires": "desactives",
        "liens": "actives",
        "id": "1144296",
        "bloc": "18",
        "copieBloc": "desactivee",
        "enregistrements": "desactives",
        "identifiant": "LouBrunelNaito",
        "contributions": "ouvertes",
        "vues": "0",
        "listeUtilisateurs": "activee",
        "registreActivite": "active",
        "fond": "/img/fond1.png",
        "activite": "41",
        "affichageColonnes": "[true,true,true,true,true]",
        "date": "2025-04-08T14:02:25+00:00",
        "code": "pi",
        "documents": "desactives",
        "fichiers": "actives",
        "admins": "[]",
        "editionNom": "desactivee",
        "largeur": "normale",
        "colonnes": "[\"Autre\",\"Sixième\",\"Cinquième\",\"Troisième\",\"Trucs et astuces\"]",
        "evaluations": "desactivees",
        "affichage": "colonnes",
        "titre": "Mathématiques - Brunel Naito"
    },
    "blocs": [
        {
            "iframe": "",
            "vignette": "",
            "source": "",
            "visibilite": "visible",
            "date": "2025-04-10T12:58:17+00:00",
            "colonne": "0",
            "commentaires": 0,
            "media": "",
            "id": "6",
            "bloc": "bloc-id-1744289898161057008",
            "identifiant": "LouBrunelNaito",
            "type": "",
            "texte": "<div>• 5e : Frises chronologiques des mathématiciens</div><div>• 3e : Brevets blancs n°2</div>",
            "evaluations": 0,
            "titre": "Corrections en cours",
            "listeCommentaires": [],
            "listeEvaluations": [],
            "nom": "VF9149",
            "info": "Créée le 10/04/2025 à 12:58 par VF9149."
        },
        {
            "iframe": "",
            "vignette": "page_de_garde_n35aa9rhzda.png",
            "source": "",
            "visibilite": "visible",
            "date": "2025-04-08T14:04:41+00:00",
            "colonne": "1",
            "commentaires": 0,
            "media": "cahier_de_lecon_complet_jusqua_tableaux_graphiques_jgvlto7jykb.pdf",
            "id": "1",
            "bloc": "bloc-id-1744121081575459e6",
            "identifiant": "LouBrunelNaito",
            "type": "pdf",
            "texte": "<div><font color=\"#646464\">dernier ajout : tableau et graphiques</font></div>",
            "modifie": "2025-04-11T10:33:34+00:00",
            "evaluations": 0,
            "titre": "",
            "listeCommentaires": [],
            "listeEvaluations": [],
            "nom": "CM2662",
            "info": "Créée le 08/04/2025 à 14:04 par CM2662. Modifiée le 11/04/2025 à 10:33."
        },
        {
            "id": "15",
            "bloc": "bloc-id-17443679444733472f",
            "titre": "Tableaux et graphiques",
            "texte": "",
            "media": "exos_tableaux_et_graphiques_complet_h7pyll1u5xq.pdf",
            "iframe": "",
            "type": "pdf",
            "source": "",
            "vignette": "exos_ibrmm0g6t0p.png",
            "date": "2025-04-11T10:39:03+00:00",
            "identifiant": "LouBrunelNaito",
            "commentaires": 0,
            "evaluations": 0,
            "colonne": "1",
            "visibilite": "visible",
            "listeCommentaires": [],
            "listeEvaluations": [],
            "nom": "EZ7398",
            "info": "Créée le 11/04/2025 à 10:39 par EZ7398."
        },
        {
            "colonne": "2",
            "commentaires": 0,
            "media": "cahier_de_lecon_10_4mvrkeyzi2.pdf",
            "id": "2",
            "visibilite": "visible",
            "date": "2025-04-08T14:07:53+00:00",
            "vignette": "page_de_garde_rx41big0cb.png",
            "iframe": "",
            "texte": "<div><font color=\"#646464\">dernier ajout : Parallélogramme</font></div>",
            "bloc": "bloc-id-17441212740055f675",
            "modifie": "2025-04-11T13:49:23+00:00",
            "source": "",
            "evaluations": 0,
            "identifiant": "LouBrunelNaito",
            "type": "pdf",
            "titre": "",
            "listeCommentaires": [],
            "listeEvaluations": [],
            "nom": "VG5393",
            "info": "Créée le 08/04/2025 à 14:07 par VG5393. Modifiée le 11/04/2025 à 13:49."
        },
        {
            "id": "17",
            "bloc": "bloc-id-174438050649597513",
            "titre": "Parallélogramme",
            "texte": "",
            "media": "exo_parallelogramme_complet_22zi0kezn6m.pdf",
            "iframe": "",
            "type": "pdf",
            "source": "",
            "vignette": "exos_g3b98y85fcg.png",
            "date": "2025-04-11T14:08:25+00:00",
            "identifiant": "LouBrunelNaito",
            "commentaires": 0,
            "evaluations": 0,
            "colonne": "2",
            "visibilite": "visible",
            "listeCommentaires": [],
            "listeEvaluations": [],
            "nom": "ZE2889",
            "info": "Créée le 11/04/2025 à 14:08 par ZE2889."
        },
        {
            "id": "16",
            "bloc": "bloc-id-1744374854928400d58",
            "titre": "Nombres relatifs (définition)",
            "texte": "",
            "media": "exo_nombres_relatifs_def_complet_9z6iedj0ly.pdf",
            "iframe": "",
            "type": "pdf",
            "source": "",
            "vignette": "exos_peo5x6eocwq.png",
            "date": "2025-04-11T12:34:14+00:00",
            "identifiant": "LouBrunelNaito",
            "commentaires": 0,
            "evaluations": 0,
            "colonne": "2",
            "visibilite": "visible",
            "listeCommentaires": [],
            "listeEvaluations": [],
            "nom": "CU9647",
            "info": "Créée le 11/04/2025 à 12:34 par CU9647."
        },
        {
            "vignette": "page_de_garde_vseisbsiwr.png",
            "iframe": "",
            "source": "",
            "visibilite": "visible",
            "date": "2025-04-10T13:28:38+00:00",
            "colonne": "3",
            "commentaires": 0,
            "media": "lecon_3e_jusqua_transformations_4blayvrin16.pdf",
            "id": "13",
            "bloc": "bloc-id-1744291719253c0e778",
            "identifiant": "LouBrunelNaito",
            "type": "pdf",
            "texte": "<div><font color=\"#646464\">dernier ajout : Transformation de figures</font></div>",
            "modifie": "2025-04-10T13:29:58+00:00",
            "evaluations": 0,
            "titre": "",
            "listeCommentaires": [],
            "listeEvaluations": [],
            "nom": "ZT4442",
            "info": "Créée le 10/04/2025 à 13:28 par ZT4442. Modifiée le 10/04/2025 à 13:29."
        },
        {
            "colonne": "3",
            "commentaires": 0,
            "media": "https://coopmaths.fr/alea/",
            "id": "3",
            "visibilite": "visible",
            "date": "2025-04-10T12:40:24+00:00",
            "vignette": "brevet_3j86wp6fjdq.png",
            "iframe": "https://coopmaths.fr/alea/",
            "texte": "<div>→ \"Annales examens\"</div><div>  \n\n→ \"Brevet des collèges par thème - APMEP\"</div><div>    \n\n→ choisir un thème et un exercice</div><div>Chercher l'exercice pendant 15 minutes.</div><div>Regarder la correction. Comprendre, prendre en notes sur une feuille propre ce que l'on a compris et ce que l'on n'a pas compris. Demander en classe ce que l'on n'a pas compris.</div>",
            "bloc": "bloc-id-1744288824917d72bf8",
            "modifie": "2025-04-10T13:32:44+00:00",
            "source": "web",
            "evaluations": 0,
            "identifiant": "LouBrunelNaito",
            "type": "embed",
            "titre": "S'entraîner au brevet [20 minutes]",
            "listeCommentaires": [],
            "listeEvaluations": [],
            "nom": "ZF6653",
            "info": "Créée le 10/04/2025 à 12:40 par ZF6653. Modifiée le 10/04/2025 à 13:32."
        },
        {
            "id": "14",
            "bloc": "bloc-id-1744367311468e095f8",
            "titre": "Equations",
            "texte": "",
            "media": "exos_equations_complet_n6eyyen8y8p.pdf",
            "iframe": "",
            "type": "pdf",
            "source": "",
            "vignette": "exos_81m35cqywek.png",
            "date": "2025-04-11T10:28:30+00:00",
            "identifiant": "LouBrunelNaito",
            "commentaires": 0,
            "evaluations": 0,
            "colonne": "3",
            "visibilite": "visible",
            "modifie": "2025-04-11T10:29:03+00:00",
            "listeCommentaires": [],
            "listeEvaluations": [],
            "nom": "SU9639",
            "info": "Créée le 11/04/2025 à 10:28 par SU9639. Modifiée le 11/04/2025 à 10:29."
        },
        {
            "id": "4",
            "bloc": "bloc-id-17442892706109392a8",
            "titre": "Apprendre à apprendre",
            "texte": "",
            "media": "https://youtu.be/RVB3PBPxMWg",
            "iframe": "https://www.youtube.com/embed/RVB3PBPxMWg?feature=oembed",
            "type": "embed",
            "source": "youtube",
            "vignette": "brain_workout_xhojdwne1l.png",
            "date": "2025-04-10T12:47:49+00:00",
            "identifiant": "LouBrunelNaito",
            "commentaires": 0,
            "evaluations": 0,
            "colonne": "4",
            "visibilite": "visible",
            "modifie": "2025-04-10T12:50:14+00:00",
            "listeCommentaires": [],
            "listeEvaluations": [],
            "nom": "DX2730",
            "info": "Créée le 10/04/2025 à 12:47 par DX2730. Modifiée le 10/04/2025 à 12:50."
        },
        {
            "iframe": "",
            "vignette": "brain_asleep_lsrwdvfynqn.png",
            "source": "web",
            "visibilite": "visible",
            "date": "2025-04-10T12:54:19+00:00",
            "colonne": "4",
            "commentaires": 0,
            "media": "https://institut-sommeil-vigilance.org/wp-content/uploads/2020/02/INSV-Carnet-7-Sommeil-Scolarit%C3%A9.pdf",
            "id": "5",
            "bloc": "bloc-id-1744289659768bf9188",
            "identifiant": "LouBrunelNaito",
            "type": "lien",
            "texte": "<div>de 10 à 12 ans : entre 9h et 11h</div><div>de 12 à 18 ans : entre 8h30 et 9h30</div>",
            "modifie": "2025-04-10T12:57:06+00:00",
            "evaluations": 0,
            "titre": "Temps de sommeil recommandés",
            "listeCommentaires": [],
            "listeEvaluations": [],
            "nom": "SW3892",
            "info": "Créée le 10/04/2025 à 12:54 par SW3892. Modifiée le 10/04/2025 à 12:57."
        },
        {
            "colonne": "0",
            "commentaires": 0,
            "media": "https://www.webcollege.seinesaintdenis.fr/",
            "id": "18",
            "visibilite": "visible",
            "date": "2025-04-11T14:19:04+00:00",
            "vignette": "calculatice_8isqq8414n2.png",
            "iframe": "",
            "texte": "<ol><li> Se connecter sur <a href=\"https://www.webcollege.seinesaintdenis.fr/\" target=\"_blank\">WebCollege</a></li><li> Dans les rubriques à droite aller sur Ressources numériques</li><li> Puis sur Médiacentre</li><li>Cliquer sur calcul@TICE</li><li>Sélectionner une séance</li></ol>",
            "bloc": "bloc-id-1744381145099c7457",
            "source": "web",
            "evaluations": 0,
            "identifiant": "LouBrunelNaito",
            "type": "lien",
            "titre": "Jeux pour devenir une machine",
            "modifie": "2025-04-11T14:20:57+00:00",
            "listeCommentaires": [],
            "listeEvaluations": [],
            "nom": "ZC7415",
            "info": "Créée le 11/04/2025 à 14:19 par ZC7415. Modifiée le 11/04/2025 à 14:20."
        }
    ],
    "activite": [
        {
            "id": 1,
            "identifiant": "LouBrunelNaito",
            "titre": "Sixième",
            "date": "2025-04-08T14:02:53+00:00",
            "couleur": "#ae3ec9",
            "type": "colonne-ajoutee"
        },
        {
            "id": 2,
            "identifiant": "LouBrunelNaito",
            "titre": "Cinquième",
            "date": "2025-04-08T14:02:58+00:00",
            "couleur": "#ae3ec9",
            "type": "colonne-ajoutee"
        },
        {
            "id": 3,
            "identifiant": "LouBrunelNaito",
            "titre": "Troisième",
            "date": "2025-04-08T14:03:05+00:00",
            "couleur": "#ae3ec9",
            "type": "colonne-ajoutee"
        },
        {
            "id": 4,
            "identifiant": "LouBrunelNaito",
            "titre": "Trucs et astuces",
            "date": "2025-04-08T14:03:12+00:00",
            "couleur": "#ae3ec9",
            "type": "colonne-ajoutee"
        },
        {
            "id": 5,
            "bloc": "bloc-id-1744121081575459e6",
            "identifiant": "LouBrunelNaito",
            "titre": "",
            "date": "2025-04-08T14:04:41+00:00",
            "couleur": "#ae3ec9",
            "type": "bloc-ajoute"
        },
        {
            "id": 6,
            "bloc": "bloc-id-17441212740055f675",
            "identifiant": "LouBrunelNaito",
            "titre": "",
            "date": "2025-04-08T14:07:53+00:00",
            "couleur": "#ae3ec9",
            "type": "bloc-ajoute"
        },
        {
            "id": 7,
            "bloc": "bloc-id-1744288824917d72bf8",
            "identifiant": "LouBrunelNaito",
            "titre": "S'entraîner au brevet",
            "date": "2025-04-10T12:40:24+00:00",
            "couleur": "#ae3ec9",
            "type": "bloc-ajoute"
        },
        {
            "id": 8,
            "bloc": "bloc-id-1744288824917d72bf8",
            "identifiant": "LouBrunelNaito",
            "titre": "S'entraîner au brevet",
            "date": "2025-04-10T12:42:19+00:00",
            "couleur": "#ae3ec9",
            "type": "bloc-modifie"
        },
        {
            "id": 9,
            "bloc": "bloc-id-1744288824917d72bf8",
            "identifiant": "LouBrunelNaito",
            "titre": "S'entraîner au brevet",
            "date": "2025-04-10T12:42:50+00:00",
            "couleur": "#ae3ec9",
            "type": "bloc-modifie"
        },
        {
            "id": 10,
            "bloc": "bloc-id-17442892706109392a8",
            "identifiant": "LouBrunelNaito",
            "titre": "Apprendre à apprendre",
            "date": "2025-04-10T12:47:49+00:00",
            "couleur": "#ae3ec9",
            "type": "bloc-ajoute"
        },
        {
            "id": 11,
            "bloc": "bloc-id-17442892706109392a8",
            "identifiant": "LouBrunelNaito",
            "titre": "Apprendre à apprendre",
            "date": "2025-04-10T12:50:14+00:00",
            "couleur": "#ae3ec9",
            "type": "bloc-modifie"
        },
        {
            "id": 12,
            "bloc": "bloc-id-1744289659768bf9188",
            "identifiant": "LouBrunelNaito",
            "titre": "Temps de sommeil recommandés",
            "date": "2025-04-10T12:54:19+00:00",
            "couleur": "#ae3ec9",
            "type": "bloc-ajoute"
        },
        {
            "id": 13,
            "bloc": "bloc-id-1744289659768bf9188",
            "identifiant": "LouBrunelNaito",
            "titre": "Temps de sommeil recommandés",
            "date": "2025-04-10T12:56:59+00:00",
            "couleur": "#ae3ec9",
            "type": "bloc-modifie"
        },
        {
            "id": 14,
            "bloc": "bloc-id-1744289659768bf9188",
            "identifiant": "LouBrunelNaito",
            "titre": "Temps de sommeil recommandés",
            "date": "2025-04-10T12:57:06+00:00",
            "couleur": "#ae3ec9",
            "type": "bloc-modifie"
        },
        {
            "id": 15,
            "bloc": "bloc-id-1744289898161057008",
            "identifiant": "LouBrunelNaito",
            "titre": "Corrections en cours",
            "date": "2025-04-10T12:58:17+00:00",
            "couleur": "#ae3ec9",
            "type": "bloc-ajoute"
        },
        {
            "id": 16,
            "bloc": "bloc-id-17442901145872d5038",
            "identifiant": "LouBrunelNaito",
            "titre": "Recueil d'exercices [1/2]",
            "date": "2025-04-10T13:01:53+00:00",
            "couleur": "#ae3ec9",
            "type": "bloc-ajoute"
        },
        {
            "id": 17,
            "bloc": "bloc-id-1744290173882d6132",
            "identifiant": "LouBrunelNaito",
            "titre": "Recueil d'exercices [2/2]",
            "date": "2025-04-10T13:02:53+00:00",
            "couleur": "#ae3ec9",
            "type": "bloc-ajoute"
        },
        {
            "id": 18,
            "bloc": "bloc-id-17442902800566a4f",
            "identifiant": "LouBrunelNaito",
            "titre": "Recueil d'exercices [1/2]",
            "date": "2025-04-10T13:04:39+00:00",
            "couleur": "#ae3ec9",
            "type": "bloc-ajoute"
        },
        {
            "id": 19,
            "bloc": "bloc-id-1744290664709245d58",
            "identifiant": "LouBrunelNaito",
            "titre": "Recueil d'exercices [2/2]",
            "date": "2025-04-10T13:11:04+00:00",
            "couleur": "#ae3ec9",
            "type": "bloc-ajoute"
        },
        {
            "id": 20,
            "bloc": "bloc-id-17442910676608dbb3",
            "identifiant": "LouBrunelNaito",
            "titre": "Recueil d'exercices [1/2]",
            "date": "2025-04-10T13:17:46+00:00",
            "couleur": "#ae3ec9",
            "type": "bloc-ajoute"
        },
        {
            "id": 21,
            "bloc": "bloc-id-17442912037580ff7c",
            "identifiant": "LouBrunelNaito",
            "titre": "Recueil d'exercices [2/2]",
            "date": "2025-04-10T13:20:03+00:00",
            "couleur": "#ae3ec9",
            "type": "bloc-ajoute"
        },
        {
            "id": 22,
            "bloc": "bloc-id-1744291719253c0e778",
            "identifiant": "LouBrunelNaito",
            "titre": "",
            "date": "2025-04-10T13:28:38+00:00",
            "couleur": "#ae3ec9",
            "type": "bloc-ajoute"
        },
        {
            "id": 23,
            "bloc": "bloc-id-1744291719253c0e778",
            "identifiant": "LouBrunelNaito",
            "titre": "",
            "date": "2025-04-10T13:29:58+00:00",
            "couleur": "#ae3ec9",
            "type": "bloc-modifie"
        },
        {
            "id": 24,
            "bloc": "bloc-id-1744288824917d72bf8",
            "identifiant": "LouBrunelNaito",
            "titre": "S'entraîner au brevet [20 minutes]",
            "date": "2025-04-10T13:32:44+00:00",
            "couleur": "#ae3ec9",
            "type": "bloc-modifie"
        },
        {
            "id": 25,
            "bloc": "bloc-id-1744367311468e095f8",
            "identifiant": "LouBrunelNaito",
            "titre": "Equations [EXERCICES]",
            "date": "2025-04-11T10:28:30+00:00",
            "couleur": "#ae3ec9",
            "type": "bloc-ajoute"
        },
        {
            "id": 26,
            "bloc": "bloc-id-17442912037580ff7c",
            "identifiant": "LouBrunelNaito",
            "titre": "Recueil d'exercices [2/2]",
            "date": "2025-04-11T10:28:40+00:00",
            "couleur": "#ae3ec9",
            "type": "bloc-supprime"
        },
        {
            "id": 27,
            "bloc": "bloc-id-17442910676608dbb3",
            "identifiant": "LouBrunelNaito",
            "titre": "Recueil d'exercices [1/2]",
            "date": "2025-04-11T10:28:44+00:00",
            "couleur": "#ae3ec9",
            "type": "bloc-supprime"
        },
        {
            "id": 28,
            "bloc": "bloc-id-1744367311468e095f8",
            "identifiant": "LouBrunelNaito",
            "titre": "Equations",
            "date": "2025-04-11T10:29:03+00:00",
            "couleur": "#ae3ec9",
            "type": "bloc-modifie"
        },
        {
            "id": 29,
            "bloc": "bloc-id-1744121081575459e6",
            "identifiant": "LouBrunelNaito",
            "titre": "",
            "date": "2025-04-11T10:33:34+00:00",
            "couleur": "#ae3ec9",
            "type": "bloc-modifie"
        },
        {
            "id": 30,
            "bloc": "bloc-id-17442901145872d5038",
            "identifiant": "LouBrunelNaito",
            "titre": "Recueil d'exercices [1/2]",
            "date": "2025-04-11T10:38:22+00:00",
            "couleur": "#ae3ec9",
            "type": "bloc-supprime"
        },
        {
            "id": 31,
            "bloc": "bloc-id-1744290173882d6132",
            "identifiant": "LouBrunelNaito",
            "titre": "Recueil d'exercices [2/2]",
            "date": "2025-04-11T10:38:24+00:00",
            "couleur": "#ae3ec9",
            "type": "bloc-supprime"
        },
        {
            "id": 32,
            "bloc": "bloc-id-17443679444733472f",
            "identifiant": "LouBrunelNaito",
            "titre": "Tableaux et graphiques",
            "date": "2025-04-11T10:39:03+00:00",
            "couleur": "#ae3ec9",
            "type": "bloc-ajoute"
        },
        {
            "id": 33,
            "bloc": "bloc-id-17442902800566a4f",
            "identifiant": "LouBrunelNaito",
            "titre": "Recueil d'exercices [1/2]",
            "date": "2025-04-11T12:27:49+00:00",
            "couleur": "#ae3ec9",
            "type": "bloc-supprime"
        },
        {
            "id": 34,
            "bloc": "bloc-id-1744290664709245d58",
            "identifiant": "LouBrunelNaito",
            "titre": "Recueil d'exercices [2/2]",
            "date": "2025-04-11T12:33:22+00:00",
            "couleur": "#ae3ec9",
            "type": "bloc-supprime"
        },
        {
            "id": 35,
            "bloc": "bloc-id-1744374854928400d58",
            "identifiant": "LouBrunelNaito",
            "titre": "Nombres relatifs (définition)",
            "date": "2025-04-11T12:34:14+00:00",
            "couleur": "#ae3ec9",
            "type": "bloc-ajoute"
        },
        {
            "id": 36,
            "bloc": "bloc-id-17441212740055f675",
            "identifiant": "LouBrunelNaito",
            "titre": "",
            "date": "2025-04-11T13:49:23+00:00",
            "couleur": "#ae3ec9",
            "type": "bloc-modifie"
        },
        {
            "id": 37,
            "bloc": "bloc-id-174438050649597513",
            "identifiant": "LouBrunelNaito",
            "titre": "Parallélogramme",
            "date": "2025-04-11T14:08:25+00:00",
            "couleur": "#ae3ec9",
            "type": "bloc-ajoute"
        },
        {
            "id": 38,
            "bloc": "bloc-id-1744381145099c7457",
            "identifiant": "LouBrunelNaito",
            "titre": "Jeux pour travailler ses automatismes",
            "date": "2025-04-11T14:19:04+00:00",
            "couleur": "#ae3ec9",
            "type": "bloc-ajoute"
        },
        {
            "id": 39,
            "bloc": "bloc-id-1744381145099c7457",
            "identifiant": "LouBrunelNaito",
            "titre": "Jeux pour travailler ses automatismes",
            "date": "2025-04-11T14:20:04+00:00",
            "couleur": "#ae3ec9",
            "type": "bloc-modifie"
        },
        {
            "id": 40,
            "bloc": "bloc-id-1744381145099c7457",
            "identifiant": "LouBrunelNaito",
            "titre": "Jeux pour travailler ses automatismes",
            "date": "2025-04-11T14:20:37+00:00",
            "couleur": "#ae3ec9",
            "type": "bloc-modifie"
        },
        {
            "id": 41,
            "bloc": "bloc-id-1744381145099c7457",
            "identifiant": "LouBrunelNaito",
            "titre": "Jeux pour devenir une machine",
            "date": "2025-04-11T14:20:57+00:00",
            "couleur": "#ae3ec9",
            "type": "bloc-modifie"
        }
    ]
}